<?xml version="1.0" encoding="UTF-8"?><metadata>
    <idinfo>
        <descript>
            <abstract>Los Angeles Index of Displacement PressureThe Los Angeles Index of Displacement Pressure combines measures that past research efforts and our own original research have shown correlate with future change and displacement pressure. Created in 2015/2016, the index primarily uses data from 2012-2015.These seven measures are applied at the Census Tract level for tracts where &amp;gt;=40% of households earn less than the City's median income. The measures are grouped into two classes: change factors and displacement pressure factors.Change factor measures are those that suggest future revitalization is likely due to investment, projected housing price gains, and proximity to recently changed areas. On the other hand, displacement pressure factors capture areas with a high concentration of existing residents who may have difficulty absorbing massive rent increases that often accompany revitalization. The Los Angeles Index of Displacement Pressure captures the intersection between these two classes.Change Measures     Transportation InvestmentMeasure 1: Distance to current rail stations (within a 1/2 mile radius. Tracts beyond 1/2 mile receive no score for this measure). Source: LA MetroMeasure 2: Distance to rail stations under construction/recently opened in 2016 (within a 1/2 mile radius. Tracts beyond 1/2 mile receive no score for this measure)Source: LA Metro     Proximity to Rapidly Changing NeighborhoodsMeasure 3: Distance to the closest &amp;quot;top tier&amp;quot; changing neighborhood, as defined by the Los Angeles Index of Neighborhood Change (within a 1 mile radius. Tracts beyond 1 mile receive no score for this measure)Source: The Los Angeles Index of Neighborhood Change     Housing MarketMeasure 4: Change in housing price projections from 2015 to 2020 Source: ESRI Community Analyst  Displacement Pressure FactorsMeasure 5: Percent of households that rentSource: American Community Survey, Five-Year Estimate, 2014Measure 6: Percent of households that are extremely rent burdened (pay &amp;gt;=50% of household income on rent)Source: American Community Survey, Five-Year Estimate, 2014Measure 7: The number of affordable properties and housing units that are due to expire by 2023.Source: The Los Angeles Housing Element, 2012Date updated: April 7, 2018Refresh rate: Never - Historical data</abstract>
            <purpose>Index that measures displacement pressure and revitalization in likelihood in Los Angeles. The index was created in 2015/2016 using data from 2012-2015.</purpose>
        </descript>
        <keywords>
            <theme>
                <themekt>None</themekt>
                <themekey>vulnerability</themekey>
                <themekey>index</themekey>
                <themekey>neighborhoods</themekey>
            </theme>
        </keywords>
        <accconst>None</accconst>
        <useconst>This work is licensed under a Creative Commons Attribution 4.0 International License</useconst>
        <datacred/>
    </idinfo>
    <metainfo>
        <metstdn>FGDC Content Standard for Digital Geospatial Metadata</metstdn>
        <metstdv>FGDC-STD-001-1998</metstdv>
        <mettc>local time</mettc>
    </metainfo>
</metadata>
